rev31,rev4,share,source
1511,1010,1.0,1to1
1512,1020,0.9545454545454546,enia_2013
1512,1075,0.045454545454545456,enia_2013
1513,1030,0.9148936170212766,enia_2013
1513,1075,0.0851063829787234,enia_2013
1514,1040,1.0,1to1
1520,1050,1.0,1to1
1531,1061,1.0,1to1
1532,1062,1.0,1to1
1533,1080,1.0,1to1
1541,1071,1.0,1to1
1543,1073,1.0,1to1
1544,1075,1.0,enia_2013
1549,1030,0.09953703703703703,enia_2013
1549,1071,0.8101851851851852,enia_2013
1549,1075,0.009259259259259259,enia_2013
1549,1079,0.08101851851851852,enia_2013
1551,1101,0.05555555555555555,enia_2013
1551,2011,0.9444444444444444,enia_2013
1552,1102,1.0,1to1
1554,1104,1.0,1to1
1711,1311,0.3181818181818182,enia_2013
1711,1312,0.6818181818181818,enia_2013
1712,1313,1.0,1to1
1721,1392,0.660377358490566,enia_2013
1721,3250,0.16981132075471697,enia_2013
1721,3319,0.16981132075471697,enia_2013
1722,1393,1.0,1to1
1723,1394,0.3076923076923077,enia_2013
1723,3319,0.6923076923076923,enia_2013
1729,1313,0.09615384615384616,enia_2013
1729,1399,0.18269230769230768,enia_2013
1729,1709,0.7211538461538461,enia_2013
1730,1430,1.0,enia_2013
1810,1313,0.06622516556291391,enia_2013
1810,1410,0.8543046357615894,enia_2013
1810,3290,0.07947019867549669,enia_2013
1911,1511,1.0,1to1
1912,1512,0.29411764705882354,enia_2013
1912,3290,0.7058823529411765,enia_2013
1920,1512,0.01893939393939394,enia_2013
1920,1520,0.10606060606060606,enia_2013
1920,1629,0.026515151515151516,enia_2013
1920,2219,0.03409090909090909,enia_2013
1920,2220,0.8143939393939394,enia_2013
2010,1610,1.0,1to1
2021,1621,1.0,1to1
2022,1622,1.0,1to1
2023,1623,0.5909090909090909,enia_2013
2023,3319,0.4090909090909091,enia_2013
2029,1629,0.25,enia_2013
2029,3290,0.42857142857142855,enia_2013
2029,3319,0.32142857142857145,enia_2013
2101,1701,1.0,1to1
2102,1702,1.0,1to1
2109,1709,0.1913265306122449,enia_2013
2109,1811,0.2602040816326531,enia_2013
2109,2220,0.548469387755102,enia_2013
2211,3290,1.0,enia_2013
2212,5813,1.0,1to1
2219,5813,0.5,uniform
2219,5819,0.5,uniform
2221,1709,0.423728813559322,enia_2013
2221,1811,0.576271186440678,enia_2013
2222,1812,1.0,1to1
2320,1920,1.0,1to1
2411,2011,1.0,enia_2013
2412,2012,1.0,enia_2013
2413,2013,1.0,1to1
2421,2021,1.0,1to1
2422,2022,1.0,1to1
2423,2100,0.7631578947368421,enia_2013
2423,3250,0.23684210526315788,enia_2013
2424,2023,1.0,1to1
2429,1079,0.30434782608695654,enia_2013
2429,2011,0.4434782608695652,enia_2013
2429,2029,0.25217391304347825,enia_2013
2511,2211,1.0,1to1
2519,2219,0.036734693877551024,enia_2013
2519,2220,0.8775510204081632,enia_2013
2519,3290,0.04897959183673469,enia_2013
2519,3319,0.036734693877551024,enia_2013
2520,2220,0.8958333333333334,enia_2013
2520,3290,0.05,enia_2013
2520,3314,0.016666666666666666,enia_2013
2520,3319,0.0375,enia_2013
2610,2310,0.625,enia_2013
2610,3319,0.375,enia_2013
2691,2392,1.0,enia_2013
2692,2391,1.0,1to1
2694,2394,1.0,1to1
2695,2395,1.0,1to1
2696,2396,1.0,1to1
2699,1312,0.3333333333333333,enia_2013
2699,2399,0.2,enia_2013
2699,3290,0.26666666666666666,enia_2013
2699,3319,0.2,enia_2013
2710,2410,0.8947368421052632,enia_2013
2710,2431,0.10526315789473684,enia_2013
2720,2420,1.0,1to1
2811,2511,0.9241379310344827,enia_2013
2811,3311,0.07586206896551724,enia_2013
2812,2512,0.35294117647058826,enia_2013
2812,3311,0.6470588235294118,enia_2013
2891,2591,1.0,1to1
2892,1811,0.7906976744186046,enia_2013
2892,2592,0.12403100775193798,enia_2013
2892,3311,0.08527131782945736,enia_2013
2893,2593,0.5925925925925926,enia_2013
2893,3311,0.4074074074074074,enia_2013
2899,2599,0.8283582089552238,enia_2013
2899,3290,0.08955223880597014,enia_2013
2899,3311,0.08208955223880597,enia_2013
2911,3312,0.8888888888888888,enia_2013
2911,3320,0.1111111111111111,enia_2013
2912,2813,0.08163265306122448,enia_2013
2912,3312,0.8163265306122449,enia_2013
2912,3320,0.10204081632653061,enia_2013
2913,3312,1.0,enia_2013
2914,3312,0.8888888888888888,enia_2013
2914,3320,0.1111111111111111,enia_2013
2915,2816,0.07216494845360824,enia_2013
2915,3312,0.8247422680412371,enia_2013
2915,3320,0.10309278350515463,enia_2013
2919,2819,0.24427480916030533,enia_2013
2919,3250,0.06870229007633588,enia_2013
2919,3312,0.6106870229007634,enia_2013
2919,3320,0.07633587786259542,enia_2013
2921,2821,0.0625,enia_2013
2921,3312,0.8333333333333334,enia_2013
2921,3320,0.10416666666666667,enia_2013
2922,2790,0.022727272727272728,enia_2013
2922,2819,0.24242424242424243,enia_2013
2922,2822,0.022727272727272728,enia_2013
2922,3312,0.6060606060606061,enia_2013
2922,3314,0.030303030303030304,enia_2013
2922,3320,0.07575757575757576,enia_2013
2924,2824,0.23728813559322035,enia_2013
2924,3312,0.6779661016949152,enia_2013
2924,3320,0.0847457627118644,enia_2013
2925,2825,0.10891089108910891,enia_2013
2925,3312,0.7920792079207921,enia_2013
2925,3320,0.09900990099009901,enia_2013
2927,3311,1.0,enia_2013
2929,2593,0.12403100775193798,enia_2013
2929,2790,0.023255813953488372,enia_2013
2929,2829,0.03875968992248062,enia_2013
2929,3311,0.08527131782945736,enia_2013
2929,3312,0.6201550387596899,enia_2013
2929,3314,0.031007751937984496,enia_2013
2929,3320,0.07751937984496124,enia_2013
2930,2750,0.43859649122807015,enia_2013
2930,2819,0.5614035087719298,enia_2013
3000,2620,0.23076923076923078,enia_2013
3000,3320,0.7692307692307693,enia_2013
3110,2710,0.23622047244094488,enia_2013
3110,2790,0.023622047244094488,enia_2013
3110,3312,0.6299212598425197,enia_2013
3110,3314,0.031496062992125984,enia_2013
3110,3320,0.07874015748031496,enia_2013
3120,2710,0.8108108108108109,enia_2013
3120,2790,0.08108108108108109,enia_2013
3120,3314,0.10810810810810811,enia_2013
3130,2732,0.3,enia_2013
3130,2790,0.3,enia_2013
3130,3314,0.4,enia_2013
3150,2740,0.6956521739130435,enia_2013
3150,2790,0.13043478260869565,enia_2013
3150,3314,0.17391304347826086,enia_2013
3190,2599,0.7350993377483444,enia_2013
3190,2651,0.052980132450331126,enia_2013
3190,2740,0.10596026490066225,enia_2013
3190,2790,0.019867549668874173,enia_2013
3190,2822,0.019867549668874173,enia_2013
3190,2930,0.039735099337748346,enia_2013
3190,3314,0.026490066225165563,enia_2013
3210,2790,0.42857142857142855,enia_2013
3210,3314,0.5714285714285714,enia_2013
3311,3250,0.225,enia_2013
3311,3290,0.3,enia_2013
3311,3319,0.225,enia_2013
3311,3320,0.25,enia_2013
3312,2651,0.12698412698412698,enia_2013
3312,2819,0.5079365079365079,enia_2013
3312,2829,0.07936507936507936,enia_2013
3312,3250,0.14285714285714285,enia_2013
3312,3319,0.14285714285714285,enia_2013
3320,2829,0.35714285714285715,enia_2013
3320,3250,0.6428571428571429,enia_2013
3410,2910,1.0,1to1
3420,2920,0.6764705882352942,enia_2013
3420,3311,0.3235294117647059,enia_2013
3430,1392,0.8536585365853658,enia_2013
3430,2930,0.14634146341463414,enia_2013
3511,3315,1.0,enia_2013
3530,2829,0.3125,enia_2013
3530,3315,0.6875,enia_2013
3610,2219,0.02821316614420063,enia_2013
3610,2220,0.6739811912225705,enia_2013
3610,2930,0.018808777429467086,enia_2013
3610,3100,0.27899686520376177,enia_2013
3691,3211,1.0,1to1
3694,2829,0.05319148936170213,enia_2013
3694,3312,0.851063829787234,enia_2013
3694,3319,0.09574468085106383,enia_2013
3699,1399,0.03350970017636684,enia_2013
3699,1512,0.008818342151675485,enia_2013
3699,1629,0.012345679012345678,enia_2013
3699,1709,0.13227513227513227,enia_2013
3699,2029,0.05114638447971781,enia_2013
3699,2219,0.015873015873015872,enia_2013
3699,2220,0.37918871252204583,enia_2013
3699,2599,0.19576719576719576,enia_2013
3699,2829,0.008818342151675485,enia_2013
3699,3290,0.021164021164021163,enia_2013
3699,3312,0.14109347442680775,enia_2013
